{"cameraMode":{"drawMode":0,"name":"Shaded","section":"Shading Mode"},"sceneLighting":true,"audioPlay":false,"sceneViewState":{"m_AlwaysRefresh":false,"showFog":true,"showSkybox":true,"showFlares":true,"showImageEffects":true,"showParticleSystems":true,"showVisualEffectGraphs":true,"m_FxEnabled":true},"in2DMode":false,"pivot":{"x":-16.7301082611084,"y":1.0622276067733765,"z":-15.824453353881836},"rotation":{"x":0.6199259161949158,"y":0.002438738476485014,"z":-0.0019316865364089609,"w":0.7847257256507874},"size":9.315677642822266,"orthographic":false}