{"cameraMode":{"drawMode":0,"name":"Shaded","section":"Shading Mode"},"sceneLighting":true,"audioPlay":false,"sceneViewState":{"m_AlwaysRefresh":false,"showFog":true,"showSkybox":true,"showFlares":true,"showImageEffects":true,"showParticleSystems":true,"showVisualEffectGraphs":true,"m_FxEnabled":true},"in2DMode":false,"pivot":{"x":-9.457545280456543,"y":1.939325213432312,"z":-12.18292236328125},"rotation":{"x":0.6199259161949158,"y":0.002438738476485014,"z":-0.0019316865364089609,"w":0.7847257256507874},"size":9.794262886047364,"orthographic":false}